[{
    "kysymysteksti": "Ikä?",
    "type": "number",
    "name": "ikä",
    "value": [""]
}, {
    "kysymysteksti": "Sukupuoli?",
    "type": "radio",
    "name": "sukupuoli",
    "value": ["Nainen","Mies"]
}, {
    "kysymysteksti": "Oletko Haaga-Helian opiskelija?",
    "type": "radio",
    "name": "opiskelija",
    "value": ["Kyllä","Ei"]
}, {
    "kysymysteksti": "Minkä vuoden opiskelija olet?",
    "type": "radio",
    "name": "vuosi",
    "value": ["1","2","3","4","5","olen ollut täällä liian pitkään"]
}, {
    "kysymysteksti": "Kuinka paljon käytät opiskelijayhdistyksen tiloja (kellarikerroksen oleskelutila)?",
    "type": "radio",
    "name": "maara",
    "value": ["Erittäin vähän","Vähän","Jonkin verran","Paljon","Erittäin paljon"]
}, {
    "kysymysteksti": "Miten tilaa voisi kehittää?",
    "type": "textarea",
    "name": "kehitys",
    "value": [""]
}, {
    "kysymysteksti": "Mistä olet saanut tietoa Helgan tiloista?",
    "type": "text",
    "name": "tietoa",
    "value": [""]
}, {
    "kysymysteksti": "Kuinka tervetulleeksi tunnet itsesi käydessä Helgan tiloissa?",
    "type": "radio",
    "name": "tunne",
    "value": ["1","2","3","4","5"]
}, {
    "kysymysteksti": "Kuinka tärkeäksi koet oppilaille suunnatut oleskelutilat?",
    "type": "radio",
    "name": "tärkeys",
    "value": ["En lainkaan","Vähän","En tunne mitään oleskelutiloja kohtaan","Melko","Erittäin"]
}, {
    "kysymysteksti": "Muuta huomioitavaa",
    "type": "textarea",
    "name": "muuta",
    "value": [""]    
}
]